"","eeacellcode","pd"
"1","5kmE3795N3130",28083.238089
"2","5kmE3795N3135",22493.57019
"3","5kmE3800N3100",21013.6153425
"4","5kmE3800N3105",19408.3151935
"5","5kmE3800N3110",19951.1583205
"6","5kmE3800N3115",19164.2461375
"7","5kmE3800N3120",19072.8475265
"8","5kmE3800N3125",24186.0084735
"9","5kmE3800N3130",29979.981567
"10","5kmE3800N3135",28889.631259
"11","5kmE3805N3095",23797.3340375
"12","5kmE3805N3100",21973.6532485
"13","5kmE3805N3105",22207.6387445
"14","5kmE3805N3110",20542.759542
"15","5kmE3805N3115",19001.9206665
"16","5kmE3805N3120",18715.706683
"17","5kmE3805N3125",22065.2260295
"18","5kmE3805N3130",28360.5752325
"19","5kmE3805N3135",30350.8094455
"20","5kmE3805N3140",23450.7645915
"21","5kmE3810N3090",22011.963148
"22","5kmE3810N3095",25019.2618865
"23","5kmE3810N3100",23023.899425
"24","5kmE3810N3105",21668.1049085
"25","5kmE3810N3110",18768.493319
"26","5kmE3810N3115",20847.47577
"27","5kmE3810N3120",20764.9292345
"28","5kmE3810N3125",21866.146113
"29","5kmE3810N3130",23039.142426
"30","5kmE3810N3135",29826.3260365
"31","5kmE3810N3140",27029.302661
"32","5kmE3815N3090",20881.3181715
"33","5kmE3815N3095",22422.18985
"34","5kmE3815N3100",23146.8676805
"35","5kmE3815N3105",22487.9049835
"36","5kmE3815N3110",21020.043563
"37","5kmE3815N3115",20356.4289855
"38","5kmE3815N3120",22030.201865
"39","5kmE3815N3125",19974.002334
"40","5kmE3815N3130",18343.170819
"41","5kmE3815N3135",24989.2401725
"42","5kmE3815N3140",25935.913549
"43","5kmE3815N3145",9177.503643
"44","5kmE3820N3095",19203.7614605
"45","5kmE3820N3100",26466.7945445
"46","5kmE3820N3105",25440.105741
"47","5kmE3820N3110",18005.5211365
"48","5kmE3820N3115",20364.771528
"49","5kmE3820N3120",22664.338036
"50","5kmE3820N3125",22474.126056
"51","5kmE3820N3130",19305.018969
"52","5kmE3820N3135",17910.7871045
"53","5kmE3820N3140",22741.675488
"54","5kmE3820N3145",24448.4287205
"55","5kmE3825N3095",19347.425824
"56","5kmE3825N3100",22715.938714
"57","5kmE3825N3105",23780.5466365
"58","5kmE3825N3110",16954.479395
"59","5kmE3825N3115",25105.999355
"60","5kmE3825N3120",21164.260058
"61","5kmE3825N3125",20796.916945
"62","5kmE3825N3130",19894.214863
"63","5kmE3825N3135",20722.479196
"64","5kmE3825N3140",22594.450575
"65","5kmE3825N3145",26322.616445
"66","5kmE3825N3150",19200.8864955
"67","5kmE3830N3095",22177.8118165
"68","5kmE3830N3100",19279.658218
"69","5kmE3830N3105",18123.158238
"70","5kmE3830N3110",18850.3950605
"71","5kmE3830N3115",21517.557661
"72","5kmE3830N3120",20339.140752
"73","5kmE3830N3125",22588.38086
"74","5kmE3830N3130",20945.5359975
"75","5kmE3830N3135",22706.8126665
"76","5kmE3830N3140",23877.8907515
"77","5kmE3830N3145",26941.175516
"78","5kmE3830N3150",26703.4045885
"79","5kmE3835N3090",19978.439573
"80","5kmE3835N3095",21820.037173
"81","5kmE3835N3100",19401.045954
"82","5kmE3835N3105",18628.495266
"83","5kmE3835N3110",24302.0201855
"84","5kmE3835N3115",23279.0015125
"85","5kmE3835N3120",20296.9516515
"86","5kmE3835N3125",23040.4574225
"87","5kmE3835N3130",24865.0778095
"88","5kmE3835N3135",26112.8184005
"89","5kmE3835N3140",25927.422123
"90","5kmE3835N3145",22399.827407
"91","5kmE3835N3150",26185.6993255
"92","5kmE3835N3155",17523.800106
"93","5kmE3840N3090",20772.7442185
"94","5kmE3840N3095",23812.1507145
"95","5kmE3840N3100",23549.952994
"96","5kmE3840N3105",19392.4138685
"97","5kmE3840N3110",24007.949767
"98","5kmE3840N3115",21888.984658
"99","5kmE3840N3120",21018.8263495
"100","5kmE3840N3125",21237.5020185
"101","5kmE3840N3130",22787.928489
"102","5kmE3840N3135",26557.148971
"103","5kmE3840N3140",27821.124279
"104","5kmE3840N3145",23661.2714835
"105","5kmE3840N3150",22928.341992
"106","5kmE3840N3155",24268.8456375
"107","5kmE3845N3090",20746.388102
"108","5kmE3845N3095",25536.575216
"109","5kmE3845N3100",26590.2048315
"110","5kmE3845N3105",19946.152432
"111","5kmE3845N3110",24137.7853135
"112","5kmE3845N3115",23107.5942225
"113","5kmE3845N3120",20933.7827095
"114","5kmE3845N3125",22042.232067
"115","5kmE3845N3130",24901.365059
"116","5kmE3845N3135",28381.197153
"117","5kmE3845N3140",29748.9798125
"118","5kmE3845N3145",27924.5347005
"119","5kmE3845N3150",25563.7729725
"120","5kmE3845N3155",25334.690303
"121","5kmE3845N3160",12205.676246
"122","5kmE3850N3085",17605.048258
"123","5kmE3850N3090",23461.3884165
"124","5kmE3850N3095",26234.0975855
"125","5kmE3850N3100",26573.3723365
"126","5kmE3850N3105",23864.9260405
"127","5kmE3850N3110",21039.5511405
"128","5kmE3850N3115",21279.2083335
"129","5kmE3850N3120",20491.350068
"130","5kmE3850N3125",24943.6190425
"131","5kmE3850N3130",26789.117763
"132","5kmE3850N3135",27084.425098
"133","5kmE3850N3140",28315.7852655
"134","5kmE3850N3145",27247.338316
"135","5kmE3850N3150",23859.8126385
"136","5kmE3850N3155",26743.7957815
"137","5kmE3850N3160",19739.146215
"138","5kmE3855N3085",12605.6087275
"139","5kmE3855N3090",25353.3455025
"140","5kmE3855N3095",23397.257134
"141","5kmE3855N3100",22924.972118
"142","5kmE3855N3105",25171.137456
"143","5kmE3855N3110",21942.703566
"144","5kmE3855N3115",20309.2906655
"145","5kmE3855N3120",19239.7528245
"146","5kmE3855N3125",25630.46034
"147","5kmE3855N3130",26201.0752025
"148","5kmE3855N3135",24203.627447
"149","5kmE3855N3140",25249.384862
"150","5kmE3855N3145",25491.1468025
"151","5kmE3855N3150",25522.8218645
"152","5kmE3855N3155",28980.5191475
"153","5kmE3855N3160",25244.516094
"154","5kmE3860N3090",26439.745193
"155","5kmE3860N3095",25064.5672865
"156","5kmE3860N3100",23968.7093885
"157","5kmE3860N3105",25131.5493515
"158","5kmE3860N3110",24014.066977
"159","5kmE3860N3115",23859.8896005
"160","5kmE3860N3120",21674.963822
"161","5kmE3860N3125",25205.454487
"162","5kmE3860N3130",24969.0025645
"163","5kmE3860N3135",24250.265664
"164","5kmE3860N3140",25037.9000245
"165","5kmE3860N3145",24948.759795
"166","5kmE3860N3150",24655.642698
"167","5kmE3860N3155",26129.0359525
"168","5kmE3860N3160",23211.314443
"169","5kmE3865N3085",22181.3159685
"170","5kmE3865N3090",25039.1229085
"171","5kmE3865N3095",26781.977489
"172","5kmE3865N3100",24783.080484
"173","5kmE3865N3105",22914.7524865
"174","5kmE3865N3110",24859.7876625
"175","5kmE3865N3115",27409.1066135
"176","5kmE3865N3120",23943.079224
"177","5kmE3865N3125",25776.0141605
"178","5kmE3865N3130",25234.1449125
"179","5kmE3865N3135",24799.6183085
"180","5kmE3865N3140",24684.106051
"181","5kmE3865N3145",23215.70644
"182","5kmE3865N3150",23906.7376915
"183","5kmE3870N3085",24543.5183565
"184","5kmE3870N3090",25661.3460575
"185","5kmE3870N3095",25766.472141
"186","5kmE3870N3100",27740.015366
"187","5kmE3870N3105",24360.2806015
"188","5kmE3870N3110",26042.213972
"189","5kmE3870N3115",27117.5434045
"190","5kmE3870N3120",26461.4886825
"191","5kmE3870N3125",26026.0765615
"192","5kmE3870N3130",23897.4021995
"193","5kmE3870N3135",24987.183256
"194","5kmE3870N3140",22476.2496105
"195","5kmE3870N3145",24303.652971
"196","5kmE3870N3150",22181.5747245
"197","5kmE3875N3090",24379.4289785
"198","5kmE3875N3095",24269.3167535
"199","5kmE3875N3100",25901.053291
"200","5kmE3875N3105",27031.5161065
"201","5kmE3875N3110",27316.7436295
"202","5kmE3875N3115",27874.596249
"203","5kmE3875N3120",30655.8252785
"204","5kmE3875N3125",29240.0617005
"205","5kmE3875N3130",22377.9051725
"206","5kmE3875N3135",24010.867908
"207","5kmE3875N3140",20852.8011385
"208","5kmE3875N3145",23833.6118
"209","5kmE3875N3150",24195.847567
"210","5kmE3880N3085",16972.8637065
"211","5kmE3880N3090",24445.667316
"212","5kmE3880N3095",24486.009035
"213","5kmE3880N3100",24046.000861
"214","5kmE3880N3105",24299.845759
"215","5kmE3880N3110",27138.370849
"216","5kmE3880N3115",29365.878473
"217","5kmE3880N3120",31622.506551
"218","5kmE3880N3125",29470.510388
"219","5kmE3880N3130",24670.615716
"220","5kmE3880N3135",24340.789109
"221","5kmE3880N3140",23803.64362
"222","5kmE3880N3145",26343.0746245
"223","5kmE3885N3080",14522.987295
"224","5kmE3885N3085",22831.8170535
"225","5kmE3885N3090",24400.0903565
"226","5kmE3885N3095",24313.526299
"227","5kmE3885N3100",24960.8097485
"228","5kmE3885N3105",23039.093297
"229","5kmE3885N3110",24838.3976545
"230","5kmE3885N3115",27782.8367505
"231","5kmE3885N3120",29546.662298
"232","5kmE3885N3125",26189.354106
"233","5kmE3885N3130",26054.9769955
"234","5kmE3885N3135",26272.369816
"235","5kmE3885N3140",25795.06159
"236","5kmE3885N3145",27477.568106
"237","5kmE3890N3080",18528.3159935
"238","5kmE3890N3085",23607.2678655
"239","5kmE3890N3090",25516.246123
"240","5kmE3890N3095",23183.0920125
"241","5kmE3890N3100",22133.7491395
"242","5kmE3890N3105",21825.518688
"243","5kmE3890N3110",25318.082812
"244","5kmE3890N3115",27535.273226
"245","5kmE3890N3120",23350.774823
"246","5kmE3890N3125",21652.643351
"247","5kmE3890N3130",25882.0118085
"248","5kmE3890N3135",27941.733907
"249","5kmE3890N3140",25432.580517
"250","5kmE3895N3080",20313.0716495
"251","5kmE3895N3085",21737.9249995
"252","5kmE3895N3090",23240.68134
"253","5kmE3895N3095",23912.7652505
"254","5kmE3895N3100",22935.5964535
"255","5kmE3895N3105",24451.968515
"256","5kmE3895N3110",28020.6919925
"257","5kmE3895N3115",27654.057745
"258","5kmE3895N3120",25046.1696045
"259","5kmE3895N3125",24709.7762285
"260","5kmE3895N3130",27421.4645945
"261","5kmE3895N3135",27498.8267005
"262","5kmE3895N3140",26425.305922
"263","5kmE3900N3080",19805.7048765
"264","5kmE3900N3085",20682.861275
"265","5kmE3900N3090",23198.5023645
"266","5kmE3900N3095",25316.9483815
"267","5kmE3900N3100",26775.144977
"268","5kmE3900N3105",28288.197818
"269","5kmE3900N3110",26524.770567
"270","5kmE3900N3115",26223.518682
"271","5kmE3900N3120",24606.931099
"272","5kmE3900N3125",27052.722535
"273","5kmE3900N3130",27100.231686
"274","5kmE3900N3135",28027.7361215
"275","5kmE3900N3140",27546.3578685
"276","5kmE3905N3080",17004.9721505
"277","5kmE3905N3085",20882.90538
"278","5kmE3905N3090",22958.9833215
"279","5kmE3905N3095",23244.741542
"280","5kmE3905N3100",25548.3878725
"281","5kmE3905N3105",26175.65148
"282","5kmE3905N3110",24472.691975
"283","5kmE3905N3115",26221.6649145
"284","5kmE3905N3120",24820.3447795
"285","5kmE3905N3125",24886.2523125
"286","5kmE3905N3130",24354.571167
"287","5kmE3905N3135",25779.524511
"288","5kmE3905N3140",29318.1331165
"289","5kmE3910N3080",25409.548528
"290","5kmE3910N3085",23086.237317
"291","5kmE3910N3090",24816.2255475
"292","5kmE3910N3095",23901.4174855
"293","5kmE3910N3100",24308.845562
"294","5kmE3910N3105",24243.297395
"295","5kmE3910N3110",23391.255553
"296","5kmE3910N3115",25504.082417
"297","5kmE3910N3120",26787.897662
"298","5kmE3910N3125",26935.178702
"299","5kmE3910N3130",23083.4865105
"300","5kmE3910N3135",22751.8456285
"301","5kmE3910N3140",26753.7416855
"302","5kmE3910N3145",26068.699235
"303","5kmE3915N3080",26507.3287595
"304","5kmE3915N3085",26486.7818735
"305","5kmE3915N3090",26226.0298115
"306","5kmE3915N3095",26353.5549085
"307","5kmE3915N3100",25216.339103
"308","5kmE3915N3105",23101.0067425
"309","5kmE3915N3110",23354.2888485
"310","5kmE3915N3115",24451.4827715
"311","5kmE3915N3120",28189.897378
"312","5kmE3915N3125",29003.5398495
"313","5kmE3915N3130",23397.0359855
"314","5kmE3915N3135",24053.21254
"315","5kmE3915N3140",25247.0396075
"316","5kmE3915N3145",24864.1944655
"317","5kmE3915N3150",21528.8802895
"318","5kmE3915N3155",23061.9594925
"319","5kmE3920N3080",24924.645103
"320","5kmE3920N3085",28375.268036
"321","5kmE3920N3090",28475.488608
"322","5kmE3920N3095",26992.3971445
"323","5kmE3920N3100",28335.096101
"324","5kmE3920N3105",26752.1266095
"325","5kmE3920N3110",23468.856521
"326","5kmE3920N3115",24732.933498
"327","5kmE3920N3120",29032.877889
"328","5kmE3920N3125",28746.2658485
"329","5kmE3920N3130",26220.2602035
"330","5kmE3920N3135",26022.468026
"331","5kmE3920N3140",25072.405538
"332","5kmE3920N3145",24760.746594
"333","5kmE3920N3150",25923.492619
"334","5kmE3920N3155",28348.648294
"335","5kmE3925N3080",22085.229628
"336","5kmE3925N3085",25888.6285995
"337","5kmE3925N3090",30138.531954
"338","5kmE3925N3095",28545.8026815
"339","5kmE3925N3100",28290.900805
"340","5kmE3925N3105",25715.7174295
"341","5kmE3925N3110",26520.415068
"342","5kmE3925N3115",27346.843205
"343","5kmE3925N3120",28277.685294
"344","5kmE3925N3125",27509.397263
"345","5kmE3925N3130",28821.456542
"346","5kmE3925N3135",30127.824903
"347","5kmE3925N3140",27149.9734115
"348","5kmE3925N3145",27538.515093
"349","5kmE3925N3150",28433.4051595
"350","5kmE3925N3155",28496.963292
"351","5kmE3930N3080",24006.653802
"352","5kmE3930N3085",25841.076713
"353","5kmE3930N3090",27320.4743915
"354","5kmE3930N3095",26600.521519
"355","5kmE3930N3100",24905.5005595
"356","5kmE3930N3105",26064.940963
"357","5kmE3930N3110",27346.660805
"358","5kmE3930N3115",27843.637071
"359","5kmE3930N3120",26673.829269
"360","5kmE3930N3125",27456.635202
"361","5kmE3930N3130",29006.8842945
"362","5kmE3930N3135",30218.9295475
"363","5kmE3930N3140",29732.9949045
"364","5kmE3930N3145",27373.344523
"365","5kmE3930N3150",26222.86776
"366","5kmE3930N3155",25327.1707085
"367","5kmE3930N3160",27419.292896
"368","5kmE3930N3165",25935.309102
"369","5kmE3935N3080",20960.3052095
"370","5kmE3935N3085",25059.3387
"371","5kmE3935N3090",26249.459786
"372","5kmE3935N3095",25546.990061
"373","5kmE3935N3100",26861.8403205
"374","5kmE3935N3105",26723.598465
"375","5kmE3935N3110",28314.628851
"376","5kmE3935N3115",27865.050581
"377","5kmE3935N3120",26635.716943
"378","5kmE3935N3125",26861.0328905
"379","5kmE3935N3130",26504.6480835
"380","5kmE3935N3135",28253.637718
"381","5kmE3935N3140",28398.354304
"382","5kmE3935N3145",27803.381035
"383","5kmE3935N3150",26412.197079
"384","5kmE3935N3155",28209.8071145
"385","5kmE3935N3160",27573.9441115
"386","5kmE3935N3165",28189.468836
"387","5kmE3940N3080",21560.126981
"388","5kmE3940N3085",27224.81179
"389","5kmE3940N3090",29344.4753835
"390","5kmE3940N3095",27687.017233
"391","5kmE3940N3100",26944.6182145
"392","5kmE3940N3105",26901.3043885
"393","5kmE3940N3110",27695.9268505
"394","5kmE3940N3115",23302.3936055
"395","5kmE3940N3120",23660.7834345
"396","5kmE3940N3125",29377.9699895
"397","5kmE3940N3130",28360.6628005
"398","5kmE3940N3135",29182.264866
"399","5kmE3940N3140",27227.8335715
"400","5kmE3940N3145",26804.163068
"401","5kmE3940N3150",24995.0178285
"402","5kmE3940N3155",25333.748387
"403","5kmE3940N3160",26322.518962
"404","5kmE3940N3165",26967.1165915
"405","5kmE3945N3085",23125.1022915
"406","5kmE3945N3090",28570.152707
"407","5kmE3945N3095",30488.4286765
"408","5kmE3945N3100",29543.037232
"409","5kmE3945N3105",27246.7879565
"410","5kmE3945N3110",25385.649971
"411","5kmE3945N3115",22084.1889495
"412","5kmE3945N3120",22065.1410795
"413","5kmE3945N3125",26355.4435725
"414","5kmE3945N3130",28758.2404435
"415","5kmE3945N3135",27631.5149775
"416","5kmE3945N3140",24644.1373475
"417","5kmE3945N3145",23695.7662715
"418","5kmE3945N3150",26533.9002615
"419","5kmE3945N3155",25269.1908895
"420","5kmE3945N3160",24663.330118
"421","5kmE3950N3085",20039.552169
"422","5kmE3950N3090",26542.4616325
"423","5kmE3950N3095",29374.7009275
"424","5kmE3950N3100",29772.626823
"425","5kmE3950N3105",29795.277804
"426","5kmE3950N3110",25986.23641
"427","5kmE3950N3115",23780.1091595
"428","5kmE3950N3120",25053.4843845
"429","5kmE3950N3125",24168.014339
"430","5kmE3950N3130",27763.834301
"431","5kmE3950N3135",27472.985379
"432","5kmE3950N3140",25868.989365
"433","5kmE3950N3145",24740.738803
"434","5kmE3950N3150",23104.011126
"435","5kmE3950N3155",24140.760267
"436","5kmE3950N3160",25634.0259465
"437","5kmE3950N3165",27116.296426
"438","5kmE3955N3085",24611.437366
"439","5kmE3955N3090",27469.910165
"440","5kmE3955N3095",27257.191837
"441","5kmE3955N3100",27874.924477
"442","5kmE3955N3105",29637.030732
"443","5kmE3955N3110",28762.650701
"444","5kmE3955N3115",26244.3536635
"445","5kmE3955N3120",23971.2575595
"446","5kmE3955N3125",22898.0983755
"447","5kmE3955N3130",28038.8281025
"448","5kmE3955N3135",28123.337359
"449","5kmE3955N3140",26931.1114705
"450","5kmE3955N3145",25492.8251445
"451","5kmE3955N3150",24930.499522
"452","5kmE3955N3155",25903.0886365
"453","5kmE3955N3160",27412.649892
"454","5kmE3955N3165",30514.7903875
"455","5kmE3960N3080",18331.366243
"456","5kmE3960N3085",25489.182908
"457","5kmE3960N3090",27416.2871765
"458","5kmE3960N3095",26017.1728055
"459","5kmE3960N3100",26805.393838
"460","5kmE3960N3105",28307.285008
"461","5kmE3960N3110",27744.2425685
"462","5kmE3960N3115",27050.106527
"463","5kmE3960N3120",26252.0658275
"464","5kmE3960N3125",24447.279926
"465","5kmE3960N3130",26799.358586
"466","5kmE3960N3135",25879.435149
"467","5kmE3960N3140",26433.3460015
"468","5kmE3960N3145",26056.2265165
"469","5kmE3960N3150",27497.5418715
"470","5kmE3960N3155",27424.955841
"471","5kmE3960N3160",28046.595714
"472","5kmE3960N3165",30234.551204
"473","5kmE3965N3080",17662.799796
"474","5kmE3965N3085",25163.232424
"475","5kmE3965N3090",26215.154983
"476","5kmE3965N3095",25001.09379
"477","5kmE3965N3100",25233.4297085
"478","5kmE3965N3105",26828.05302
"479","5kmE3965N3110",29081.439312
"480","5kmE3965N3115",26686.4009415
"481","5kmE3965N3120",27702.14734
"482","5kmE3965N3125",24433.3885715
"483","5kmE3965N3130",25593.684573
"484","5kmE3965N3135",25025.75757
"485","5kmE3965N3140",27547.6967985
"486","5kmE3965N3145",28786.110147
"487","5kmE3965N3150",28945.1000425
"488","5kmE3965N3155",28495.862764
"489","5kmE3965N3160",26411.218584
"490","5kmE3970N3075",17379.291392
"491","5kmE3970N3080",22245.987379
"492","5kmE3970N3085",23242.382232
"493","5kmE3970N3090",24889.318979
"494","5kmE3970N3095",24898.7597135
"495","5kmE3970N3100",25891.974286
"496","5kmE3970N3105",28840.8204035
"497","5kmE3970N3110",28215.819166
"498","5kmE3970N3115",25820.495616
"499","5kmE3970N3120",25488.202941
"500","5kmE3970N3125",25636.0797305
"501","5kmE3970N3130",26076.6506545
"502","5kmE3970N3135",25078.564212
"503","5kmE3970N3140",24899.4542015
"504","5kmE3970N3145",27482.660595
"505","5kmE3970N3150",27397.241357
"506","5kmE3970N3155",24988.232097
"507","5kmE3970N3160",26352.070964
"508","5kmE3975N3075",21476.257854
"509","5kmE3975N3080",23495.169703
"510","5kmE3975N3085",23572.3546405
"511","5kmE3975N3090",26844.745754
"512","5kmE3975N3095",26642.8446855
"513","5kmE3975N3100",26689.026167
"514","5kmE3975N3105",29128.991142
"515","5kmE3975N3110",26338.720346
"516","5kmE3975N3115",23996.979945
"517","5kmE3975N3120",23148.024785
"518","5kmE3975N3125",25923.989106
"519","5kmE3975N3130",26116.2096775
"520","5kmE3975N3135",24932.7417895
"521","5kmE3975N3140",24950.1101415
"522","5kmE3975N3145",25389.685195
"523","5kmE3975N3150",24296.448121
"524","5kmE3975N3155",24174.8641875
"525","5kmE3975N3160",27378.5003835
"526","5kmE3980N3075",19834.250317
"527","5kmE3980N3080",23182.200257
"528","5kmE3980N3085",25499.3486555
"529","5kmE3980N3090",28176.202908
"530","5kmE3980N3095",26170.8815835
"531","5kmE3980N3100",26460.954879
"532","5kmE3980N3105",27883.740397
"533","5kmE3980N3110",24577.7465585
"534","5kmE3980N3115",25235.6519135
"535","5kmE3980N3120",24464.379852
"536","5kmE3980N3125",25903.5301585
"537","5kmE3980N3130",28521.7520175
"538","5kmE3980N3135",27699.910113
"539","5kmE3980N3140",26244.5232575
"540","5kmE3980N3145",25464.591779
"541","5kmE3980N3150",25118.21923
"542","5kmE3980N3155",25620.0195845
"543","5kmE3980N3160",26744.276907
"544","5kmE3985N3075",21125.336688
"545","5kmE3985N3080",24564.51896
"546","5kmE3985N3085",24532.071828
"547","5kmE3985N3090",24935.4628465
"548","5kmE3985N3095",25633.701378
"549","5kmE3985N3100",29322.963236
"550","5kmE3985N3105",29044.445641
"551","5kmE3985N3110",25448.2347695
"552","5kmE3985N3115",26775.2112945
"553","5kmE3985N3120",25929.5976775
"554","5kmE3985N3125",25151.733579
"555","5kmE3985N3130",27180.4455305
"556","5kmE3985N3135",27291.7437755
"557","5kmE3985N3140",25334.599064
"558","5kmE3985N3145",24298.4959095
"559","5kmE3990N3075",15798.1695935
"560","5kmE3990N3080",23075.611312
"561","5kmE3990N3085",25168.401275
"562","5kmE3990N3090",25574.797878
"563","5kmE3990N3095",27279.1333
"564","5kmE3990N3100",30338.4816995
"565","5kmE3990N3105",29393.4376105
"566","5kmE3990N3110",28451.3667765
"567","5kmE3990N3115",27513.3365445
"568","5kmE3990N3120",24602.2720545
"569","5kmE3990N3125",23353.2849255
"570","5kmE3990N3130",23298.3321505
"571","5kmE3990N3135",24658.0360365
"572","5kmE3995N3075",19008.123227
"573","5kmE3995N3080",24496.5402155
"574","5kmE3995N3085",26527.41113
"575","5kmE3995N3090",25919.4309145
"576","5kmE3995N3095",29091.219467
"577","5kmE3995N3100",30667.238934
"578","5kmE3995N3105",30040.729067
"579","5kmE3995N3110",28785.278274
"580","5kmE3995N3115",25623.358672
"581","5kmE3995N3120",25871.999984
"582","5kmE3995N3125",23057.169353
"583","5kmE3995N3130",27103.4342655
"584","5kmE3995N3135",28423.238577
"585","5kmE4000N3075",17523.442651
"586","5kmE4000N3080",25374.6214485
"587","5kmE4000N3085",25933.1157775
"588","5kmE4000N3090",25504.3901785
"589","5kmE4000N3095",29373.0584365
"590","5kmE4000N3100",30056.351044
"591","5kmE4000N3105",29802.1533815
"592","5kmE4000N3110",25977.8944295
"593","5kmE4000N3115",22464.206109
"594","5kmE4000N3120",23590.4109365
"595","5kmE4000N3125",23925.878129
"596","5kmE4000N3130",27557.8851935
"597","5kmE4000N3135",29649.879482
"598","5kmE4000N3140",27071.5719705
"599","5kmE4005N3075",13510.820069
"600","5kmE4005N3080",24516.28388
"601","5kmE4005N3085",26148.506846
"602","5kmE4005N3090",27486.2503145
"603","5kmE4005N3095",28809.6222695
"604","5kmE4005N3100",28342.373233
"605","5kmE4005N3105",28331.5045225
"606","5kmE4005N3110",26134.3797765
"607","5kmE4005N3115",22724.548778
"608","5kmE4005N3120",24546.144151
"609","5kmE4005N3125",25486.468453
"610","5kmE4005N3130",26840.5458885
"611","5kmE4005N3135",28304.4290135
"612","5kmE4005N3140",27593.4277425
"613","5kmE4010N3080",30034.5933825
"614","5kmE4010N3085",31010.9595245
"615","5kmE4010N3090",31930.519803
"616","5kmE4010N3095",30885.716801
"617","5kmE4010N3100",27080.0275225
"618","5kmE4010N3105",25084.982254
"619","5kmE4010N3110",25825.8848005
"620","5kmE4010N3115",24317.6605865
"621","5kmE4010N3120",24544.323994
"622","5kmE4010N3125",27734.924417
"623","5kmE4010N3130",28768.2753055
"624","5kmE4010N3135",26841.085996
"625","5kmE4015N3075",27783.1074225
"626","5kmE4015N3080",31958.208663
"627","5kmE4015N3085",32841.2470875
"628","5kmE4015N3090",33101.08007
"629","5kmE4015N3095",32844.3715885
"630","5kmE4015N3100",32058.1608215
"631","5kmE4015N3105",29018.545985
"632","5kmE4015N3110",27273.6192625
"633","5kmE4015N3115",25963.2541505
"634","5kmE4015N3120",26061.488281
"635","5kmE4015N3125",28315.7930205
"636","5kmE4015N3130",28960.7473345
"637","5kmE4020N3075",27788.1714745
"638","5kmE4020N3080",31611.34781
"639","5kmE4020N3095",31775.699562
"640","5kmE4020N3100",30593.558574
"641","5kmE4020N3105",31321.626855
"642","5kmE4020N3110",30733.896084
"643","5kmE4020N3115",28867.292427
"644","5kmE4020N3120",27555.5194795
"645","5kmE4020N3125",28476.6214205
"646","5kmE4025N3070",21016.2461195
"647","5kmE4025N3075",28690.0278415
"648","5kmE4025N3080",31364.463161
"649","5kmE4025N3110",32006.1474095
"650","5kmE4025N3115",31130.6246135
"651","5kmE4025N3120",29573.015473
"652","5kmE4025N3125",28799.8030395
"653","5kmE4030N3070",23131.857384
"654","5kmE4030N3075",29475.201582
"655","5kmE4030N3080",31155.693199
"656","5kmE4030N3120",32004.0231785
