"","eeacellcode","pd_loss"
"1","5kmE3795N3130",1418.884704
"2","5kmE3795N3135",1091.5895045
"3","5kmE3800N3100",72.9477149999984
"4","5kmE3800N3105",81.4348215000027
"5","5kmE3800N3110",81.4348215000027
"6","5kmE3800N3115",329.749007000002
"7","5kmE3800N3120",221.077235999997
"8","5kmE3800N3125",873.410837000003
"9","5kmE3800N3130",1589.5832345
"10","5kmE3800N3135",1635.415311
"11","5kmE3805N3095",392.620905
"12","5kmE3805N3100",300.534718000003
"13","5kmE3805N3105",318.959466
"14","5kmE3805N3110",182.4815495
"15","5kmE3805N3115",110.154681
"16","5kmE3805N3120",197.516141
"17","5kmE3805N3125",240.734021499997
"18","5kmE3805N3130",1296.3702795
"19","5kmE3805N3135",1763.1823595
"20","5kmE3805N3140",1017.1384745
"21","5kmE3810N3090",394.537342
"22","5kmE3810N3095",501.090366
"23","5kmE3810N3100",368.041231499999
"24","5kmE3810N3105",310.501685499999
"25","5kmE3810N3110",59.8085839999985
"26","5kmE3810N3115",304.3701655
"27","5kmE3810N3120",562.1863515
"28","5kmE3810N3125",420.837662500002
"29","5kmE3810N3130",504.347975000001
"30","5kmE3810N3135",1988.586264
"31","5kmE3810N3140",1367.993358
"32","5kmE3815N3090",185.282976000002
"33","5kmE3815N3095",310.494185
"34","5kmE3815N3100",300.895910499999
"35","5kmE3815N3105",81.4348214999991
"36","5kmE3815N3110",0
"37","5kmE3815N3115",321.652504000001
"38","5kmE3815N3120",896.156966500002
"39","5kmE3815N3125",346.586576499998
"40","5kmE3815N3130",557.004680500002
"41","5kmE3815N3135",1302.241308
"42","5kmE3815N3140",1412.545554
"43","5kmE3815N3145",579.973219
"44","5kmE3820N3095",383.532025999997
"45","5kmE3820N3100",649.142445499998
"46","5kmE3820N3105",746.5480455
"47","5kmE3820N3110",30.4144789999991
"48","5kmE3820N3115",157.025068999999
"49","5kmE3820N3120",629.669417999998
"50","5kmE3820N3125",513.074589
"51","5kmE3820N3130",567.51355
"52","5kmE3820N3135",235.745269499999
"53","5kmE3820N3140",515.987639999999
"54","5kmE3820N3145",935.754732500001
"55","5kmE3825N3095",217.941922999998
"56","5kmE3825N3100",523.7426295
"57","5kmE3825N3105",520.9139645
"58","5kmE3825N3110",188.298242500001
"59","5kmE3825N3115",635.198690500001
"60","5kmE3825N3120",689.457555000001
"61","5kmE3825N3125",291.0867335
"62","5kmE3825N3130",147.767435999998
"63","5kmE3825N3135",370.239668499999
"64","5kmE3825N3140",512.119221500001
"65","5kmE3825N3145",1124.73645
"66","5kmE3825N3150",424.943047500001
"67","5kmE3830N3095",30.4144789999991
"68","5kmE3830N3100",285.878829000001
"69","5kmE3830N3105",30.4144789999991
"70","5kmE3830N3110",50.7782240000015
"71","5kmE3830N3115",622.827280000001
"72","5kmE3830N3120",258.745309000002
"73","5kmE3830N3125",149.655413999997
"74","5kmE3830N3130",386.951424000003
"75","5kmE3830N3135",372.6060215
"76","5kmE3830N3140",365.054071000002
"77","5kmE3830N3145",1270.7026205
"78","5kmE3830N3150",1013.8073245
"79","5kmE3835N3090",431.152481000001
"80","5kmE3835N3095",122.595326499999
"81","5kmE3835N3100",291.567056
"82","5kmE3835N3105",163.704664499997
"83","5kmE3835N3110",570.774767999999
"84","5kmE3835N3115",725.000757500002
"85","5kmE3835N3120",425.326212
"86","5kmE3835N3125",277.546332000002
"87","5kmE3835N3130",509.916293500002
"88","5kmE3835N3135",758.970422499999
"89","5kmE3835N3140",727.611594999998
"90","5kmE3835N3145",658.93507
"91","5kmE3835N3150",1352.8999245
"92","5kmE3835N3155",479.738585999999
"93","5kmE3840N3090",370.250153000001
"94","5kmE3840N3095",627.446436000002
"95","5kmE3840N3100",230.183902000001
"96","5kmE3840N3105",122.717500499999
"97","5kmE3840N3110",313.782279500003
"98","5kmE3840N3115",762.150473999998
"99","5kmE3840N3120",552.089125000002
"100","5kmE3840N3125",397.619098499999
"101","5kmE3840N3130",519.013927
"102","5kmE3840N3135",938.675009000002
"103","5kmE3840N3140",419.187947999999
"104","5kmE3840N3145",231.5600705
"105","5kmE3840N3150",334.5840135
"106","5kmE3840N3155",658.0878705
"107","5kmE3845N3090",178.663369499998
"108","5kmE3845N3095",436.597266499997
"109","5kmE3845N3100",796.840871
"110","5kmE3845N3105",338.800079000001
"111","5kmE3845N3110",254.571283500001
"112","5kmE3845N3115",262.146626000002
"113","5kmE3845N3120",12.3415525000019
"114","5kmE3845N3125",146.092844499999
"115","5kmE3845N3130",856.722287000001
"116","5kmE3845N3135",1138.0416175
"117","5kmE3845N3140",1219.5017935
"118","5kmE3845N3145",1112.566905
"119","5kmE3845N3150",1120.502894
"120","5kmE3845N3155",1304.329632
"121","5kmE3845N3160",464.736940499999
"122","5kmE3850N3085",121.214691000001
"123","5kmE3850N3090",396.930970999998
"124","5kmE3850N3095",631.129046500002
"125","5kmE3850N3100",794.480694999998
"126","5kmE3850N3105",559.3938275
"127","5kmE3850N3110",0
"128","5kmE3850N3115",34.5698470000025
"129","5kmE3850N3120",0
"130","5kmE3850N3125",1096.242211
"131","5kmE3850N3130",926.075926000001
"132","5kmE3850N3135",1110.3594615
"133","5kmE3850N3140",974.5663365
"134","5kmE3850N3145",1119.805396
"135","5kmE3850N3150",756.864808999999
"136","5kmE3850N3155",1482.4709855
"137","5kmE3850N3160",1089.1343225
"138","5kmE3855N3085",277.378675499998
"139","5kmE3855N3090",477.229933499999
"140","5kmE3855N3095",856.7823665
"141","5kmE3855N3100",236.127097999997
"142","5kmE3855N3105",319.448248500001
"143","5kmE3855N3110",219.450983499999
"144","5kmE3855N3115",82.9730679999993
"145","5kmE3855N3120",27.1536694999995
"146","5kmE3855N3125",907.558438
"147","5kmE3855N3130",803.415161000001
"148","5kmE3855N3135",315.428198000001
"149","5kmE3855N3140",278.146431000001
"150","5kmE3855N3145",951.491281499999
"151","5kmE3855N3150",1185.875927
"152","5kmE3855N3155",1535.926483
"153","5kmE3855N3160",1407.9791155
"154","5kmE3860N3090",217.667379000002
"155","5kmE3860N3095",225.612564999999
"156","5kmE3860N3100",218.641775
"157","5kmE3860N3105",278.322192
"158","5kmE3860N3110",137.264998000002
"159","5kmE3860N3115",150.750576000002
"160","5kmE3860N3120",12.3415524999982
"161","5kmE3860N3125",491.468432000001
"162","5kmE3860N3130",573.159639000001
"163","5kmE3860N3135",644.717279500001
"164","5kmE3860N3140",451.248923000003
"165","5kmE3860N3145",482.667064999998
"166","5kmE3860N3150",1349.765421
"167","5kmE3860N3155",1664.1834825
"168","5kmE3860N3160",985.724048
"169","5kmE3865N3085",147.356070500002
"170","5kmE3865N3090",177.255354999998
"171","5kmE3865N3095",413.017769499998
"172","5kmE3865N3100",635.22465
"173","5kmE3865N3105",138.749169499999
"174","5kmE3865N3110",181.242591500002
"175","5kmE3865N3115",548.742331000001
"176","5kmE3865N3120",327.2606275
"177","5kmE3865N3125",547.532015000001
"178","5kmE3865N3130",806.944750999999
"179","5kmE3865N3135",472.0056085
"180","5kmE3865N3140",570.381375000001
"181","5kmE3865N3145",902.462403999998
"182","5kmE3865N3150",1286.3646615
"183","5kmE3870N3085",517.4055085
"184","5kmE3870N3090",287.897066500002
"185","5kmE3870N3095",439.686488000003
"186","5kmE3870N3100",591.16633
"187","5kmE3870N3105",251.373042500003
"188","5kmE3870N3110",332.614465999999
"189","5kmE3870N3115",415.834427499998
"190","5kmE3870N3120",568.185567500001
"191","5kmE3870N3125",427.672072000001
"192","5kmE3870N3130",390.186762500001
"193","5kmE3870N3135",296.755323000001
"194","5kmE3870N3140",385.051790000001
"195","5kmE3870N3145",298.806120000001
"196","5kmE3870N3150",584.752456500002
"197","5kmE3875N3090",208.047720499999
"198","5kmE3875N3095",187.880133499999
"199","5kmE3875N3100",182.064139999999
"200","5kmE3875N3105",529.61521
"201","5kmE3875N3110",418.777576
"202","5kmE3875N3115",1186.0047925
"203","5kmE3875N3120",1177.2951285
"204","5kmE3875N3125",1219.4641055
"205","5kmE3875N3130",755.823935
"206","5kmE3875N3135",297.906245999999
"207","5kmE3875N3140",227.393445000002
"208","5kmE3875N3145",1114.9908575
"209","5kmE3875N3150",1106.235293
"210","5kmE3880N3085",25.4806834999981
"211","5kmE3880N3090",258.136035
"212","5kmE3880N3095",496.4789155
"213","5kmE3880N3100",267.910215
"214","5kmE3880N3105",131.415702499999
"215","5kmE3880N3110",663.3051165
"216","5kmE3880N3115",1211.0010915
"217","5kmE3880N3120",1816.3907975
"218","5kmE3880N3125",1232.268906
"219","5kmE3880N3130",287.038349499999
"220","5kmE3880N3135",703.972553
"221","5kmE3880N3140",485.9513425
"222","5kmE3880N3145",1189.241299
"223","5kmE3885N3080",0
"224","5kmE3885N3085",152.6517785
"225","5kmE3885N3090",179.066925499999
"226","5kmE3885N3095",282.111591499997
"227","5kmE3885N3100",227.650427
"228","5kmE3885N3105",314.380011000001
"229","5kmE3885N3110",779.182433999998
"230","5kmE3885N3115",1133.3203195
"231","5kmE3885N3120",1300.433229
"232","5kmE3885N3125",838.823749499999
"233","5kmE3885N3130",996.327637499999
"234","5kmE3885N3135",707.493669000003
"235","5kmE3885N3140",584.010758500001
"236","5kmE3885N3145",1234.3641005
"237","5kmE3890N3080",201.843101499999
"238","5kmE3890N3085",212.324261999998
"239","5kmE3890N3090",407.8344645
"240","5kmE3890N3095",494.123835499999
"241","5kmE3890N3100",146.256452000001
"242","5kmE3890N3105",590.661034000001
"243","5kmE3890N3110",917.372459499999
"244","5kmE3890N3115",855.056849000001
"245","5kmE3890N3120",700.682442500001
"246","5kmE3890N3125",307.039673000003
"247","5kmE3890N3130",514.153387000002
"248","5kmE3890N3135",1105.0630545
"249","5kmE3890N3140",814.214147000002
"250","5kmE3895N3080",455.828667499998
"251","5kmE3895N3085",123.327154500003
"252","5kmE3895N3090",378.875639000002
"253","5kmE3895N3095",565.170871499999
"254","5kmE3895N3100",323.548840500003
"255","5kmE3895N3105",493.407138999999
"256","5kmE3895N3110",1120.9515185
"257","5kmE3895N3115",949.419093500001
"258","5kmE3895N3120",414.158926
"259","5kmE3895N3125",392.073178000002
"260","5kmE3895N3130",1096.4370565
"261","5kmE3895N3135",1219.153882
"262","5kmE3895N3140",923.442467000001
"263","5kmE3900N3080",82.9730679999993
"264","5kmE3900N3085",0
"265","5kmE3900N3090",187.5401375
"266","5kmE3900N3095",288.593901
"267","5kmE3900N3100",456.861670499999
"268","5kmE3900N3105",793.150750500001
"269","5kmE3900N3110",452.275531499999
"270","5kmE3900N3115",425.146556
"271","5kmE3900N3120",383.687917499999
"272","5kmE3900N3125",578.819938500001
"273","5kmE3900N3130",789.532533500002
"274","5kmE3900N3135",1282.140726
"275","5kmE3900N3140",1566.5610995
"276","5kmE3905N3080",82.9730679999993
"277","5kmE3905N3085",90.9508815000008
"278","5kmE3905N3090",367.464379500001
"279","5kmE3905N3095",548.430944
"280","5kmE3905N3100",442.604240500001
"281","5kmE3905N3105",553.821512999999
"282","5kmE3905N3110",343.248404999998
"283","5kmE3905N3115",683.833201499998
"284","5kmE3905N3120",579.828249000002
"285","5kmE3905N3125",147.755957499998
"286","5kmE3905N3130",505.751614500001
"287","5kmE3905N3135",606.964421500001
"288","5kmE3905N3140",1519.90972
"289","5kmE3910N3080",175.567746000001
"290","5kmE3910N3085",56.066084500002
"291","5kmE3910N3090",230.400369000003
"292","5kmE3910N3095",238.619893000003
"293","5kmE3910N3100",378.789471
"294","5kmE3910N3105",364.288572499998
"295","5kmE3910N3110",119.113906500002
"296","5kmE3910N3115",194.552179999999
"297","5kmE3910N3120",845.680791999999
"298","5kmE3910N3125",727.194686499999
"299","5kmE3910N3130",498.278276500001
"300","5kmE3910N3135",615.235517500001
"301","5kmE3910N3140",747.973553
"302","5kmE3910N3145",871.659253499998
"303","5kmE3915N3080",936.822895000001
"304","5kmE3915N3085",460.989214500001
"305","5kmE3915N3090",448.986606999999
"306","5kmE3915N3095",576.9576715
"307","5kmE3915N3100",317.220224500001
"308","5kmE3915N3105",466.323946999997
"309","5kmE3915N3110",198.678827
"310","5kmE3915N3115",232.85399
"311","5kmE3915N3120",1284.413411
"312","5kmE3915N3125",1229.5619645
"313","5kmE3915N3130",377.119943000002
"314","5kmE3915N3135",39.4308999999994
"315","5kmE3915N3140",632.375630500002
"316","5kmE3915N3145",761.8931085
"317","5kmE3915N3150",534.572885499998
"318","5kmE3915N3155",793.689842000003
"319","5kmE3920N3080",136.137574
"320","5kmE3920N3085",653.106927999997
"321","5kmE3920N3090",1308.5530595
"322","5kmE3920N3095",1009.356196
"323","5kmE3920N3100",649.232856500003
"324","5kmE3920N3105",816.936232
"325","5kmE3920N3110",206.300222499998
"326","5kmE3920N3115",202.739918000003
"327","5kmE3920N3120",1231.608097
"328","5kmE3920N3125",954.775281000002
"329","5kmE3920N3130",607.422297499998
"330","5kmE3920N3135",304.196997500003
"331","5kmE3920N3140",490.479222500002
"332","5kmE3920N3145",588.357812999999
"333","5kmE3920N3150",1099.97394
"334","5kmE3920N3155",1668.533191
"335","5kmE3925N3080",503.865165499999
"336","5kmE3925N3085",185.691521500001
"337","5kmE3925N3090",1191.764374
"338","5kmE3925N3095",954.892314499997
"339","5kmE3925N3100",720.882680499999
"340","5kmE3925N3105",561.453384500001
"341","5kmE3925N3110",563.777061500001
"342","5kmE3925N3115",699.0111
"343","5kmE3925N3120",1117.238093
"344","5kmE3925N3125",779.621285500001
"345","5kmE3925N3130",1042.5862395
"346","5kmE3925N3135",1357.6887465
"347","5kmE3925N3140",1330.0475845
"348","5kmE3925N3145",1147.1419375
"349","5kmE3925N3150",1467.853317
"350","5kmE3925N3155",1608.6433825
"351","5kmE3930N3080",446.320639999998
"352","5kmE3930N3085",267.085529
"353","5kmE3930N3090",949.473589500001
"354","5kmE3930N3095",385.0928255
"355","5kmE3930N3100",710.589615000001
"356","5kmE3930N3105",1226.394601
"357","5kmE3930N3110",707.6261505
"358","5kmE3930N3115",976.377348999999
"359","5kmE3930N3120",978.681657999998
"360","5kmE3930N3125",483.810593499999
"361","5kmE3930N3130",701.267941999999
"362","5kmE3930N3135",1330.376299
"363","5kmE3930N3140",1722.5957435
"364","5kmE3930N3145",1297.7094175
"365","5kmE3930N3150",1144.231111
"366","5kmE3930N3155",1882.902798
"367","5kmE3930N3160",1438.953348
"368","5kmE3930N3165",1389.599502
"369","5kmE3935N3080",312.517605500001
"370","5kmE3935N3085",224.041556
"371","5kmE3935N3090",970.497587000002
"372","5kmE3935N3095",322.964080999998
"373","5kmE3935N3100",1580.4106715
"374","5kmE3935N3105",1376.986872
"375","5kmE3935N3110",967.041020999997
"376","5kmE3935N3115",953.140651000002
"377","5kmE3935N3120",1019.012961
"378","5kmE3935N3125",632.110558
"379","5kmE3935N3130",804.408274000001
"380","5kmE3935N3135",721.697479999999
"381","5kmE3935N3140",795.147281499998
"382","5kmE3935N3145",1182.790125
"383","5kmE3935N3150",1713.829246
"384","5kmE3935N3155",1915.63121
"385","5kmE3935N3160",1454.23073
"386","5kmE3935N3165",1436.765758
"387","5kmE3940N3080",141.177703999998
"388","5kmE3940N3085",472.610511499999
"389","5kmE3940N3090",759.480740499999
"390","5kmE3940N3095",646.967259500001
"391","5kmE3940N3100",1386.727146
"392","5kmE3940N3105",1578.3696315
"393","5kmE3940N3110",1172.6324375
"394","5kmE3940N3115",803.368263999997
"395","5kmE3940N3120",330.997942999998
"396","5kmE3940N3125",801.974120999999
"397","5kmE3940N3130",901.475395500001
"398","5kmE3940N3135",1054.0870675
"399","5kmE3940N3140",1117.918371
"400","5kmE3940N3145",1886.926713
"401","5kmE3940N3150",1881.646595
"402","5kmE3940N3155",1850.7072275
"403","5kmE3940N3160",1409.6638005
"404","5kmE3940N3165",1655.976462
"405","5kmE3945N3085",265.4942925
"406","5kmE3945N3090",721.065147999998
"407","5kmE3945N3095",1124.6362065
"408","5kmE3945N3100",759.940114000001
"409","5kmE3945N3105",658.645339499999
"410","5kmE3945N3110",694.140338500001
"411","5kmE3945N3115",398.698884500001
"412","5kmE3945N3120",405.834948
"413","5kmE3945N3125",802.088191999999
"414","5kmE3945N3130",981.4013055
"415","5kmE3945N3135",899.3659835
"416","5kmE3945N3140",683.071207500001
"417","5kmE3945N3145",1092.056932
"418","5kmE3945N3150",1567.6992155
"419","5kmE3945N3155",1348.599813
"420","5kmE3945N3160",1730.842565
"421","5kmE3950N3085",231.076709500001
"422","5kmE3950N3090",887.104453
"423","5kmE3950N3095",1074.931148
"424","5kmE3950N3100",1017.8003775
"425","5kmE3950N3105",1514.0804155
"426","5kmE3950N3110",942.447077499997
"427","5kmE3950N3115",616.938721499999
"428","5kmE3950N3120",649.570949000001
"429","5kmE3950N3125",417.342895499998
"430","5kmE3950N3130",1002.650325
"431","5kmE3950N3135",1169.715713
"432","5kmE3950N3140",596.692702
"433","5kmE3950N3145",1071.855619
"434","5kmE3950N3150",951.161129
"435","5kmE3950N3155",1002.816705
"436","5kmE3950N3160",1747.87107
"437","5kmE3950N3165",1531.8818035
"438","5kmE3955N3085",702.191839500003
"439","5kmE3955N3090",705.734088999998
"440","5kmE3955N3095",633.6537025
"441","5kmE3955N3100",1151.570105
"442","5kmE3955N3105",1788.6049025
"443","5kmE3955N3110",1721.076278
"444","5kmE3955N3115",1318.2532635
"445","5kmE3955N3120",609.345515999998
"446","5kmE3955N3125",731.198196999998
"447","5kmE3955N3130",1280.2780445
"448","5kmE3955N3135",1548.6632775
"449","5kmE3955N3140",1513.6024475
"450","5kmE3955N3145",1463.2927905
"451","5kmE3955N3150",1493.9890685
"452","5kmE3955N3155",1516.5006445
"453","5kmE3955N3160",1747.402718
"454","5kmE3955N3165",1888.3074665
"455","5kmE3960N3080",473.8442765
"456","5kmE3960N3085",725.218435000003
"457","5kmE3960N3090",501.548771499998
"458","5kmE3960N3095",425.8785465
"459","5kmE3960N3100",989.301521500001
"460","5kmE3960N3105",880.675413500001
"461","5kmE3960N3110",1454.7468605
"462","5kmE3960N3115",1259.205742
"463","5kmE3960N3120",1147.993896
"464","5kmE3960N3125",1153.6885715
"465","5kmE3960N3130",1461.259294
"466","5kmE3960N3135",1546.1610455
"467","5kmE3960N3140",1154.366726
"468","5kmE3960N3145",1610.7236015
"469","5kmE3960N3150",2206.9185285
"470","5kmE3960N3155",1918.465616
"471","5kmE3960N3160",1734.4484755
"472","5kmE3960N3165",2231.8817815
"473","5kmE3965N3080",359.3706895
"474","5kmE3965N3085",495.694611999999
"475","5kmE3965N3090",547.3590085
"476","5kmE3965N3095",302.9932635
"477","5kmE3965N3100",829.506773000001
"478","5kmE3965N3105",1130.8438895
"479","5kmE3965N3110",1618.602741
"480","5kmE3965N3115",744.86148
"481","5kmE3965N3120",809.472690999999
"482","5kmE3965N3125",1190.4844705
"483","5kmE3965N3130",1511.050716
"484","5kmE3965N3135",1214.890212
"485","5kmE3965N3140",1681.780265
"486","5kmE3965N3145",2277.0429245
"487","5kmE3965N3150",2345.197034
"488","5kmE3965N3155",1585.471592
"489","5kmE3965N3160",1466.221192
"490","5kmE3970N3075",123.236752000001
"491","5kmE3970N3080",376.498382500002
"492","5kmE3970N3085",358.138652000001
"493","5kmE3970N3090",280.840753500001
"494","5kmE3970N3095",344.0546755
"495","5kmE3970N3100",696.138781499998
"496","5kmE3970N3105",1349.4936945
"497","5kmE3970N3110",1582.0683195
"498","5kmE3970N3115",1205.474243
"499","5kmE3970N3120",968.515574500001
"500","5kmE3970N3125",1607.7566075
"501","5kmE3970N3130",680.642532499998
"502","5kmE3970N3135",1546.1716395
"503","5kmE3970N3140",1681.2921185
"504","5kmE3970N3145",1933.653847
"505","5kmE3970N3150",2122.1569375
"506","5kmE3970N3155",1602.680532
"507","5kmE3970N3160",1887.28215
"508","5kmE3975N3075",324.8315435
"509","5kmE3975N3080",239.062109499999
"510","5kmE3975N3085",295.977668
"511","5kmE3975N3090",470.7616285
"512","5kmE3975N3095",470.792327499999
"513","5kmE3975N3100",356.990191000001
"514","5kmE3975N3105",1264.192396
"515","5kmE3975N3110",913.824030500004
"516","5kmE3975N3115",1125.6284355
"517","5kmE3975N3120",495.572916499998
"518","5kmE3975N3125",549.003129500001
"519","5kmE3975N3130",1681.5812655
"520","5kmE3975N3135",1402.396594
"521","5kmE3975N3140",1412.383457
"522","5kmE3975N3145",1878.465129
"523","5kmE3975N3150",1478.5788655
"524","5kmE3975N3155",1524.628153
"525","5kmE3975N3160",2140.8058455
"526","5kmE3980N3075",424.070768499998
"527","5kmE3980N3080",240.912152000001
"528","5kmE3980N3085",555.490292499999
"529","5kmE3980N3090",677.994405000001
"530","5kmE3980N3095",486.8427935
"531","5kmE3980N3100",511.386853
"532","5kmE3980N3105",926.707521999997
"533","5kmE3980N3110",913.209892999999
"534","5kmE3980N3115",934.260952999997
"535","5kmE3980N3120",646.111555000003
"536","5kmE3980N3125",943.779832
"537","5kmE3980N3130",2010.1575625
"538","5kmE3980N3135",1896.150102
"539","5kmE3980N3140",1554.6725375
"540","5kmE3980N3145",1717.3229915
"541","5kmE3980N3150",1631.5529745
"542","5kmE3980N3155",1492.4335115
"543","5kmE3980N3160",1548.1086905
"544","5kmE3985N3075",129.713996500002
"545","5kmE3985N3080",648.510873499999
"546","5kmE3985N3085",393.468401999999
"547","5kmE3985N3090",216.9522435
"548","5kmE3985N3095",337.026902999998
"549","5kmE3985N3100",851.488594999999
"550","5kmE3985N3105",1801.393439
"551","5kmE3985N3110",1065.27896
"552","5kmE3985N3115",1290.2642055
"553","5kmE3985N3120",1236.1205895
"554","5kmE3985N3125",1440.869927
"555","5kmE3985N3130",1778.699386
"556","5kmE3985N3135",2019.1012605
"557","5kmE3985N3140",1571.6035685
"558","5kmE3985N3145",1465.537577
"559","5kmE3990N3075",0
"560","5kmE3990N3080",423.953173999998
"561","5kmE3990N3085",509.129817500001
"562","5kmE3990N3090",290.3404845
"563","5kmE3990N3095",788.370374499998
"564","5kmE3990N3100",1718.3181555
"565","5kmE3990N3105",2222.687303
"566","5kmE3990N3110",1390.8634745
"567","5kmE3990N3115",1654.303855
"568","5kmE3990N3120",1654.937242
"569","5kmE3990N3125",1402.864624
"570","5kmE3990N3130",887.535367500001
"571","5kmE3990N3135",1264.012828
"572","5kmE3995N3075",81.1750360000005
"573","5kmE3995N3080",300.496218
"574","5kmE3995N3085",444.164677000001
"575","5kmE3995N3090",325.830095999998
"576","5kmE3995N3095",1671.6663305
"577","5kmE3995N3100",1889.8936305
"578","5kmE3995N3105",2422.0246345
"579","5kmE3995N3110",2187.6138425
"580","5kmE3995N3115",1731.462758
"581","5kmE3995N3120",1951.6118455
"582","5kmE3995N3125",1134.9575285
"583","5kmE3995N3130",1379.4485235
"584","5kmE3995N3135",1582.1971015
"585","5kmE4000N3075",46.309342499997
"586","5kmE4000N3080",689.262367000003
"587","5kmE4000N3085",460.217472
"588","5kmE4000N3090",46.309342499997
"589","5kmE4000N3095",1740.060333
"590","5kmE4000N3100",2179.8807535
"591","5kmE4000N3105",2143.4252095
"592","5kmE4000N3110",1678.208319
"593","5kmE4000N3115",659.398925500001
"594","5kmE4000N3120",511.858582000001
"595","5kmE4000N3125",876.8126175
"596","5kmE4000N3130",1770.78181
"597","5kmE4000N3135",2459.2362335
"598","5kmE4000N3140",1838.792182
"599","5kmE4005N3075",452.2644545
"600","5kmE4005N3080",782.290945000001
"601","5kmE4005N3085",666.501286499999
"602","5kmE4005N3090",487.287594999998
"603","5kmE4005N3095",1413.354455
"604","5kmE4005N3100",1335.704458
"605","5kmE4005N3105",1754.4566555
"606","5kmE4005N3110",1472.1891985
"607","5kmE4005N3115",1258.446156
"608","5kmE4005N3120",742.998810500001
"609","5kmE4005N3125",1069.692825
"610","5kmE4005N3130",1210.493881
"611","5kmE4005N3135",1623.4503575
"612","5kmE4005N3140",2102.7959515
"613","5kmE4010N3080",1619.7945195
"614","5kmE4010N3085",1797.060358
"615","5kmE4010N3090",1422.391915
"616","5kmE4010N3095",2175.59175
"617","5kmE4010N3100",1881.626317
"618","5kmE4010N3105",990.199015500002
"619","5kmE4010N3110",1554.3740595
"620","5kmE4010N3115",955.8692945
"621","5kmE4010N3120",492.054121000001
"622","5kmE4010N3125",1337.532234
"623","5kmE4010N3130",1450.9349075
"624","5kmE4010N3135",1308.8218395
"625","5kmE4015N3075",1268.937903
"626","5kmE4015N3080",1901.7986125
"627","5kmE4015N3085",2317.501988
"628","5kmE4015N3090",1986.88742599999
"629","5kmE4015N3095",2348.125176
"630","5kmE4015N3100",2021.5526425
"631","5kmE4015N3105",1813.225696
"632","5kmE4015N3110",756.000415499999
"633","5kmE4015N3115",862.245311999999
"634","5kmE4015N3120",948.952423499999
"635","5kmE4015N3125",1520.6351135
"636","5kmE4015N3130",1750.7846595
"637","5kmE4020N3075",954.329365500002
"638","5kmE4020N3080",1788.3690615
"639","5kmE4020N3095",1701.8874315
"640","5kmE4020N3100",1098.1797755
"641","5kmE4020N3105",1510.150561
"642","5kmE4020N3110",1383.7609175
"643","5kmE4020N3115",884.876444000001
"644","5kmE4020N3120",639.558367000001
"645","5kmE4020N3125",1300.0621625
"646","5kmE4025N3070",651.5817025
"647","5kmE4025N3075",1559.290348
"648","5kmE4025N3080",1924.2239105
"649","5kmE4025N3110",1566.783231
"650","5kmE4025N3115",1338.1781055
"651","5kmE4025N3120",1617.306738
"652","5kmE4025N3125",1335.7299455
"653","5kmE4030N3070",551.205594999999
"654","5kmE4030N3075",1509.4891015
"655","5kmE4030N3080",1988.313721
"656","5kmE4030N3120",2183.647739
