"","eeacellcode","sp_richness"
"1","5kmE3795N3130",500
"2","5kmE3795N3135",350
"3","5kmE3800N3100",327
"4","5kmE3800N3105",291
"5","5kmE3800N3110",301
"6","5kmE3800N3115",288
"7","5kmE3800N3120",282
"8","5kmE3800N3125",387
"9","5kmE3800N3130",539
"10","5kmE3800N3135",513
"11","5kmE3805N3095",368
"12","5kmE3805N3100",331
"13","5kmE3805N3105",342
"14","5kmE3805N3110",320
"15","5kmE3805N3115",287
"16","5kmE3805N3120",283
"17","5kmE3805N3125",344
"18","5kmE3805N3130",488
"19","5kmE3805N3135",558
"20","5kmE3805N3140",381
"21","5kmE3810N3090",333
"22","5kmE3810N3095",387
"23","5kmE3810N3100",359
"24","5kmE3810N3105",337
"25","5kmE3810N3110",279
"26","5kmE3810N3115",317
"27","5kmE3810N3120",317
"28","5kmE3810N3125",344
"29","5kmE3810N3130",374
"30","5kmE3810N3135",552
"31","5kmE3810N3140",473
"32","5kmE3815N3090",314
"33","5kmE3815N3095",338
"34","5kmE3815N3100",341
"35","5kmE3815N3105",337
"36","5kmE3815N3110",311
"37","5kmE3815N3115",305
"38","5kmE3815N3120",350
"39","5kmE3815N3125",303
"40","5kmE3815N3130",281
"41","5kmE3815N3135",419
"42","5kmE3815N3140",439
"43","5kmE3815N3145",111
"44","5kmE3820N3095",287
"45","5kmE3820N3100",435
"46","5kmE3820N3105",404
"47","5kmE3820N3110",261
"48","5kmE3820N3115",304
"49","5kmE3820N3120",364
"50","5kmE3820N3125",348
"51","5kmE3820N3130",288
"52","5kmE3820N3135",263
"53","5kmE3820N3140",368
"54","5kmE3820N3145",403
"55","5kmE3825N3095",287
"56","5kmE3825N3100",355
"57","5kmE3825N3105",373
"58","5kmE3825N3110",244
"59","5kmE3825N3115",413
"60","5kmE3825N3120",329
"61","5kmE3825N3125",318
"62","5kmE3825N3130",299
"63","5kmE3825N3135",305
"64","5kmE3825N3140",365
"65","5kmE3825N3145",457
"66","5kmE3825N3150",295
"67","5kmE3830N3095",342
"68","5kmE3830N3100",290
"69","5kmE3830N3105",264
"70","5kmE3830N3110",280
"71","5kmE3830N3115",342
"72","5kmE3830N3120",319
"73","5kmE3830N3125",369
"74","5kmE3830N3130",332
"75","5kmE3830N3135",346
"76","5kmE3830N3140",391
"77","5kmE3830N3145",469
"78","5kmE3830N3150",456
"79","5kmE3835N3090",297
"80","5kmE3835N3095",340
"81","5kmE3835N3100",294
"82","5kmE3835N3105",272
"83","5kmE3835N3110",381
"84","5kmE3835N3115",375
"85","5kmE3835N3120",313
"86","5kmE3835N3125",363
"87","5kmE3835N3130",393
"88","5kmE3835N3135",421
"89","5kmE3835N3140",420
"90","5kmE3835N3145",362
"91","5kmE3835N3150",449
"92","5kmE3835N3155",248
"93","5kmE3840N3090",315
"94","5kmE3840N3095",384
"95","5kmE3840N3100",371
"96","5kmE3840N3105",286
"97","5kmE3840N3110",384
"98","5kmE3840N3115",343
"99","5kmE3840N3120",311
"100","5kmE3840N3125",320
"101","5kmE3840N3130",355
"102","5kmE3840N3135",448
"103","5kmE3840N3140",473
"104","5kmE3840N3145",380
"105","5kmE3840N3150",377
"106","5kmE3840N3155",397
"107","5kmE3845N3090",318
"108","5kmE3845N3095",419
"109","5kmE3845N3100",433
"110","5kmE3845N3105",293
"111","5kmE3845N3110",378
"112","5kmE3845N3115",369
"113","5kmE3845N3120",311
"114","5kmE3845N3125",336
"115","5kmE3845N3130",411
"116","5kmE3845N3135",497
"117","5kmE3845N3140",519
"118","5kmE3845N3145",484
"119","5kmE3845N3150",441
"120","5kmE3845N3155",444
"121","5kmE3845N3160",161
"122","5kmE3850N3085",255
"123","5kmE3850N3090",381
"124","5kmE3850N3095",434
"125","5kmE3850N3100",455
"126","5kmE3850N3105",377
"127","5kmE3850N3110",307
"128","5kmE3850N3115",336
"129","5kmE3850N3120",305
"130","5kmE3850N3125",393
"131","5kmE3850N3130",444
"132","5kmE3850N3135",465
"133","5kmE3850N3140",485
"134","5kmE3850N3145",473
"135","5kmE3850N3150",392
"136","5kmE3850N3155",469
"137","5kmE3850N3160",309
"138","5kmE3855N3085",160
"139","5kmE3855N3090",408
"140","5kmE3855N3095",386
"141","5kmE3855N3100",353
"142","5kmE3855N3105",407
"143","5kmE3855N3110",335
"144","5kmE3855N3115",300
"145","5kmE3855N3120",273
"146","5kmE3855N3125",430
"147","5kmE3855N3130",446
"148","5kmE3855N3135",400
"149","5kmE3855N3140",398
"150","5kmE3855N3145",435
"151","5kmE3855N3150",428
"152","5kmE3855N3155",524
"153","5kmE3855N3160",436
"154","5kmE3860N3090",429
"155","5kmE3860N3095",405
"156","5kmE3860N3100",374
"157","5kmE3860N3105",403
"158","5kmE3860N3110",383
"159","5kmE3860N3115",376
"160","5kmE3860N3120",321
"161","5kmE3860N3125",407
"162","5kmE3860N3130",417
"163","5kmE3860N3135",408
"164","5kmE3860N3140",401
"165","5kmE3860N3145",405
"166","5kmE3860N3150",416
"167","5kmE3860N3155",458
"168","5kmE3860N3160",389
"169","5kmE3865N3085",343
"170","5kmE3865N3090",393
"171","5kmE3865N3095",444
"172","5kmE3865N3100",397
"173","5kmE3865N3105",356
"174","5kmE3865N3110",392
"175","5kmE3865N3115",455
"176","5kmE3865N3120",375
"177","5kmE3865N3125",423
"178","5kmE3865N3130",424
"179","5kmE3865N3135",412
"180","5kmE3865N3140",407
"181","5kmE3865N3145",378
"182","5kmE3865N3150",391
"183","5kmE3870N3085",382
"184","5kmE3870N3090",406
"185","5kmE3870N3095",436
"186","5kmE3870N3100",472
"187","5kmE3870N3105",383
"188","5kmE3870N3110",419
"189","5kmE3870N3115",451
"190","5kmE3870N3120",443
"191","5kmE3870N3125",428
"192","5kmE3870N3130",380
"193","5kmE3870N3135",417
"194","5kmE3870N3140",362
"195","5kmE3870N3145",392
"196","5kmE3870N3150",360
"197","5kmE3875N3090",379
"198","5kmE3875N3095",382
"199","5kmE3875N3100",412
"200","5kmE3875N3105",444
"201","5kmE3875N3110",449
"202","5kmE3875N3115",485
"203","5kmE3875N3120",551
"204","5kmE3875N3125",513
"205","5kmE3875N3130",346
"206","5kmE3875N3135",378
"207","5kmE3875N3140",324
"208","5kmE3875N3145",399
"209","5kmE3875N3150",393
"210","5kmE3880N3085",231
"211","5kmE3880N3090",403
"212","5kmE3880N3095",398
"213","5kmE3880N3100",385
"214","5kmE3880N3105",384
"215","5kmE3880N3110",448
"216","5kmE3880N3115",518
"217","5kmE3880N3120",577
"218","5kmE3880N3125",548
"219","5kmE3880N3130",398
"220","5kmE3880N3135",382
"221","5kmE3880N3140",380
"222","5kmE3880N3145",454
"223","5kmE3885N3080",184
"224","5kmE3885N3085",352
"225","5kmE3885N3090",381
"226","5kmE3885N3095",381
"227","5kmE3885N3100",396
"228","5kmE3885N3105",376
"229","5kmE3885N3110",406
"230","5kmE3885N3115",465
"231","5kmE3885N3120",526
"232","5kmE3885N3125",455
"233","5kmE3885N3130",445
"234","5kmE3885N3135",441
"235","5kmE3885N3140",427
"236","5kmE3885N3145",464
"237","5kmE3890N3080",258
"238","5kmE3890N3085",370
"239","5kmE3890N3090",415
"240","5kmE3890N3095",362
"241","5kmE3890N3100",339
"242","5kmE3890N3105",333
"243","5kmE3890N3110",420
"244","5kmE3890N3115",462
"245","5kmE3890N3120",369
"246","5kmE3890N3125",320
"247","5kmE3890N3130",416
"248","5kmE3890N3135",479
"249","5kmE3890N3140",422
"250","5kmE3895N3080",292
"251","5kmE3895N3085",321
"252","5kmE3895N3090",362
"253","5kmE3895N3095",373
"254","5kmE3895N3100",354
"255","5kmE3895N3105",395
"256","5kmE3895N3110",471
"257","5kmE3895N3115",483
"258","5kmE3895N3120",408
"259","5kmE3895N3125",385
"260","5kmE3895N3130",463
"261","5kmE3895N3135",473
"262","5kmE3895N3140",439
"263","5kmE3900N3080",282
"264","5kmE3900N3085",295
"265","5kmE3900N3090",358
"266","5kmE3900N3095",405
"267","5kmE3900N3100",430
"268","5kmE3900N3105",472
"269","5kmE3900N3110",439
"270","5kmE3900N3115",426
"271","5kmE3900N3120",396
"272","5kmE3900N3125",457
"273","5kmE3900N3130",458
"274","5kmE3900N3135",480
"275","5kmE3900N3140",484
"276","5kmE3905N3080",224
"277","5kmE3905N3085",318
"278","5kmE3905N3090",356
"279","5kmE3905N3095",357
"280","5kmE3905N3100",416
"281","5kmE3905N3105",428
"282","5kmE3905N3110",388
"283","5kmE3905N3115",443
"284","5kmE3905N3120",395
"285","5kmE3905N3125",401
"286","5kmE3905N3130",383
"287","5kmE3905N3135",429
"288","5kmE3905N3140",522
"289","5kmE3910N3080",395
"290","5kmE3910N3085",362
"291","5kmE3910N3090",390
"292","5kmE3910N3095",373
"293","5kmE3910N3100",381
"294","5kmE3910N3105",384
"295","5kmE3910N3110",370
"296","5kmE3910N3115",411
"297","5kmE3910N3120",446
"298","5kmE3910N3125",434
"299","5kmE3910N3130",345
"300","5kmE3910N3135",358
"301","5kmE3910N3140",460
"302","5kmE3910N3145",436
"303","5kmE3915N3080",435
"304","5kmE3915N3085",436
"305","5kmE3915N3090",432
"306","5kmE3915N3095",432
"307","5kmE3915N3100",394
"308","5kmE3915N3105",345
"309","5kmE3915N3110",340
"310","5kmE3915N3115",387
"311","5kmE3915N3120",491
"312","5kmE3915N3125",506
"313","5kmE3915N3130",368
"314","5kmE3915N3135",371
"315","5kmE3915N3140",415
"316","5kmE3915N3145",411
"317","5kmE3915N3150",350
"318","5kmE3915N3155",354
"319","5kmE3920N3080",392
"320","5kmE3920N3085",467
"321","5kmE3920N3090",481
"322","5kmE3920N3095",450
"323","5kmE3920N3100",479
"324","5kmE3920N3105",441
"325","5kmE3920N3110",364
"326","5kmE3920N3115",388
"327","5kmE3920N3120",514
"328","5kmE3920N3125",493
"329","5kmE3920N3130",430
"330","5kmE3920N3135",418
"331","5kmE3920N3140",410
"332","5kmE3920N3145",412
"333","5kmE3920N3150",436
"334","5kmE3920N3155",483
"335","5kmE3925N3080",320
"336","5kmE3925N3085",411
"337","5kmE3925N3090",521
"338","5kmE3925N3095",476
"339","5kmE3925N3100",475
"340","5kmE3925N3105",416
"341","5kmE3925N3110",443
"342","5kmE3925N3115",438
"343","5kmE3925N3120",494
"344","5kmE3925N3125",464
"345","5kmE3925N3130",489
"346","5kmE3925N3135",533
"347","5kmE3925N3140",468
"348","5kmE3925N3145",476
"349","5kmE3925N3150",479
"350","5kmE3925N3155",475
"351","5kmE3930N3080",352
"352","5kmE3930N3085",415
"353","5kmE3930N3090",452
"354","5kmE3930N3095",432
"355","5kmE3930N3100",410
"356","5kmE3930N3105",436
"357","5kmE3930N3110",448
"358","5kmE3930N3115",480
"359","5kmE3930N3120",444
"360","5kmE3930N3125",459
"361","5kmE3930N3130",495
"362","5kmE3930N3135",532
"363","5kmE3930N3140",532
"364","5kmE3930N3145",472
"365","5kmE3930N3150",428
"366","5kmE3930N3155",421
"367","5kmE3930N3160",456
"368","5kmE3930N3165",420
"369","5kmE3935N3080",298
"370","5kmE3935N3085",398
"371","5kmE3935N3090",428
"372","5kmE3935N3095",400
"373","5kmE3935N3100",443
"374","5kmE3935N3105",443
"375","5kmE3935N3110",475
"376","5kmE3935N3115",458
"377","5kmE3935N3120",428
"378","5kmE3935N3125",434
"379","5kmE3935N3130",438
"380","5kmE3935N3135",469
"381","5kmE3935N3140",468
"382","5kmE3935N3145",459
"383","5kmE3935N3150",450
"384","5kmE3935N3155",473
"385","5kmE3935N3160",464
"386","5kmE3935N3165",475
"387","5kmE3940N3080",314
"388","5kmE3940N3085",445
"389","5kmE3940N3090",504
"390","5kmE3940N3095",465
"391","5kmE3940N3100",455
"392","5kmE3940N3105",468
"393","5kmE3940N3110",468
"394","5kmE3940N3115",362
"395","5kmE3940N3120",366
"396","5kmE3940N3125",495
"397","5kmE3940N3130",470
"398","5kmE3940N3135",494
"399","5kmE3940N3140",459
"400","5kmE3940N3145",453
"401","5kmE3940N3150",438
"402","5kmE3940N3155",412
"403","5kmE3940N3160",421
"404","5kmE3940N3165",456
"405","5kmE3945N3085",339
"406","5kmE3945N3090",484
"407","5kmE3945N3095",537
"408","5kmE3945N3100",504
"409","5kmE3945N3105",440
"410","5kmE3945N3110",412
"411","5kmE3945N3115",320
"412","5kmE3945N3120",327
"413","5kmE3945N3125",429
"414","5kmE3945N3130",489
"415","5kmE3945N3135",466
"416","5kmE3945N3140",403
"417","5kmE3945N3145",374
"418","5kmE3945N3150",445
"419","5kmE3945N3155",411
"420","5kmE3945N3160",404
"421","5kmE3950N3085",301
"422","5kmE3950N3090",447
"423","5kmE3950N3095",505
"424","5kmE3950N3100",515
"425","5kmE3950N3105",526
"426","5kmE3950N3110",423
"427","5kmE3950N3115",366
"428","5kmE3950N3120",400
"429","5kmE3950N3125",382
"430","5kmE3950N3130",469
"431","5kmE3950N3135",461
"432","5kmE3950N3140",421
"433","5kmE3950N3145",393
"434","5kmE3950N3150",358
"435","5kmE3950N3155",385
"436","5kmE3950N3160",422
"437","5kmE3950N3165",459
"438","5kmE3955N3085",420
"439","5kmE3955N3090",448
"440","5kmE3955N3095",464
"441","5kmE3955N3100",488
"442","5kmE3955N3105",529
"443","5kmE3955N3110",496
"444","5kmE3955N3115",439
"445","5kmE3955N3120",379
"446","5kmE3955N3125",359
"447","5kmE3955N3130",481
"448","5kmE3955N3135",480
"449","5kmE3955N3140",450
"450","5kmE3955N3145",410
"451","5kmE3955N3150",424
"452","5kmE3955N3155",439
"453","5kmE3955N3160",452
"454","5kmE3955N3165",533
"455","5kmE3960N3080",270
"456","5kmE3960N3085",434
"457","5kmE3960N3090",470
"458","5kmE3960N3095",417
"459","5kmE3960N3100",456
"460","5kmE3960N3105",481
"461","5kmE3960N3110",483
"462","5kmE3960N3115",460
"463","5kmE3960N3120",436
"464","5kmE3960N3125",394
"465","5kmE3960N3130",451
"466","5kmE3960N3135",418
"467","5kmE3960N3140",439
"468","5kmE3960N3145",430
"469","5kmE3960N3150",479
"470","5kmE3960N3155",478
"471","5kmE3960N3160",478
"472","5kmE3960N3165",526
"473","5kmE3965N3080",250
"474","5kmE3965N3085",429
"475","5kmE3965N3090",445
"476","5kmE3965N3095",393
"477","5kmE3965N3100",418
"478","5kmE3965N3105",453
"479","5kmE3965N3110",519
"480","5kmE3965N3115",445
"481","5kmE3965N3120",459
"482","5kmE3965N3125",396
"483","5kmE3965N3130",430
"484","5kmE3965N3135",409
"485","5kmE3965N3140",477
"486","5kmE3965N3145",511
"487","5kmE3965N3150",522
"488","5kmE3965N3155",500
"489","5kmE3965N3160",425
"490","5kmE3970N3075",257
"491","5kmE3970N3080",359
"492","5kmE3970N3085",377
"493","5kmE3970N3090",403
"494","5kmE3970N3095",387
"495","5kmE3970N3100",415
"496","5kmE3970N3105",501
"497","5kmE3970N3110",487
"498","5kmE3970N3115",429
"499","5kmE3970N3120",415
"500","5kmE3970N3125",423
"501","5kmE3970N3130",412
"502","5kmE3970N3135",414
"503","5kmE3970N3140",411
"504","5kmE3970N3145",468
"505","5kmE3970N3150",478
"506","5kmE3970N3155",405
"507","5kmE3970N3160",440
"508","5kmE3975N3075",333
"509","5kmE3975N3080",381
"510","5kmE3975N3085",379
"511","5kmE3975N3090",453
"512","5kmE3975N3095",433
"513","5kmE3975N3100",442
"514","5kmE3975N3105",512
"515","5kmE3975N3110",448
"516","5kmE3975N3115",399
"517","5kmE3975N3120",373
"518","5kmE3975N3125",411
"519","5kmE3975N3130",426
"520","5kmE3975N3135",405
"521","5kmE3975N3140",405
"522","5kmE3975N3145",423
"523","5kmE3975N3150",401
"524","5kmE3975N3155",390
"525","5kmE3975N3160",468
"526","5kmE3980N3075",291
"527","5kmE3980N3080",373
"528","5kmE3980N3085",412
"529","5kmE3980N3090",480
"530","5kmE3980N3095",418
"531","5kmE3980N3100",443
"532","5kmE3980N3105",481
"533","5kmE3980N3110",412
"534","5kmE3980N3115",417
"535","5kmE3980N3120",401
"536","5kmE3980N3125",426
"537","5kmE3980N3130",493
"538","5kmE3980N3135",473
"539","5kmE3980N3140",442
"540","5kmE3980N3145",424
"541","5kmE3980N3150",412
"542","5kmE3980N3155",419
"543","5kmE3980N3160",447
"544","5kmE3985N3075",320
"545","5kmE3985N3080",415
"546","5kmE3985N3085",393
"547","5kmE3985N3090",409
"548","5kmE3985N3095",419
"549","5kmE3985N3100",496
"550","5kmE3985N3105",511
"551","5kmE3985N3110",424
"552","5kmE3985N3115",460
"553","5kmE3985N3120",416
"554","5kmE3985N3125",412
"555","5kmE3985N3130",457
"556","5kmE3985N3135",468
"557","5kmE3985N3140",419
"558","5kmE3985N3145",389
"559","5kmE3990N3075",223
"560","5kmE3990N3080",369
"561","5kmE3990N3085",431
"562","5kmE3990N3090",421
"563","5kmE3990N3095",459
"564","5kmE3990N3100",525
"565","5kmE3990N3105",519
"566","5kmE3990N3110",491
"567","5kmE3990N3115",480
"568","5kmE3990N3120",412
"569","5kmE3990N3125",379
"570","5kmE3990N3130",371
"571","5kmE3990N3135",392
"572","5kmE3995N3075",286
"573","5kmE3995N3080",403
"574","5kmE3995N3085",448
"575","5kmE3995N3090",425
"576","5kmE3995N3095",519
"577","5kmE3995N3100",542
"578","5kmE3995N3105",527
"579","5kmE3995N3110",512
"580","5kmE3995N3115",430
"581","5kmE3995N3120",429
"582","5kmE3995N3125",371
"583","5kmE3995N3130",449
"584","5kmE3995N3135",488
"585","5kmE4000N3075",252
"586","5kmE4000N3080",429
"587","5kmE4000N3085",426
"588","5kmE4000N3090",407
"589","5kmE4000N3095",512
"590","5kmE4000N3100",539
"591","5kmE4000N3105",525
"592","5kmE4000N3110",451
"593","5kmE4000N3115",358
"594","5kmE4000N3120",366
"595","5kmE4000N3125",388
"596","5kmE4000N3130",467
"597","5kmE4000N3135",531
"598","5kmE4000N3140",452
"599","5kmE4005N3075",166
"600","5kmE4005N3080",408
"601","5kmE4005N3085",443
"602","5kmE4005N3090",446
"603","5kmE4005N3095",486
"604","5kmE4005N3100",499
"605","5kmE4005N3105",503
"606","5kmE4005N3110",436
"607","5kmE4005N3115",362
"608","5kmE4005N3120",405
"609","5kmE4005N3125",406
"610","5kmE4005N3130",449
"611","5kmE4005N3135",480
"612","5kmE4005N3140",469
"613","5kmE4010N3080",539
"614","5kmE4010N3085",568
"615","5kmE4010N3090",568
"616","5kmE4010N3095",547
"617","5kmE4010N3100",469
"618","5kmE4010N3105",413
"619","5kmE4010N3110",430
"620","5kmE4010N3115",378
"621","5kmE4010N3120",385
"622","5kmE4010N3125",464
"623","5kmE4010N3130",488
"624","5kmE4010N3135",437
"625","5kmE4015N3075",478
"626","5kmE4015N3080",587
"627","5kmE4015N3085",626
"628","5kmE4015N3090",615
"629","5kmE4015N3095",611
"630","5kmE4015N3100",576
"631","5kmE4015N3105",511
"632","5kmE4015N3110",444
"633","5kmE4015N3115",436
"634","5kmE4015N3120",421
"635","5kmE4015N3125",491
"636","5kmE4015N3130",497
"637","5kmE4020N3075",490
"638","5kmE4020N3080",588
"639","5kmE4020N3095",573
"640","5kmE4020N3100",550
"641","5kmE4020N3105",565
"642","5kmE4020N3110",554
"643","5kmE4020N3115",499
"644","5kmE4020N3120",461
"645","5kmE4020N3125",489
"646","5kmE4025N3070",318
"647","5kmE4025N3075",515
"648","5kmE4025N3080",581
"649","5kmE4025N3110",572
"650","5kmE4025N3115",564
"651","5kmE4025N3120",532
"652","5kmE4025N3125",502
"653","5kmE4030N3070",359
"654","5kmE4030N3075",529
"655","5kmE4030N3080",577
"656","5kmE4030N3120",590
